{"assets/animation.json":["assets/animation.json"],"assets/fonts/Caveat-VariableFont_wght.ttf":["assets/fonts/Caveat-VariableFont_wght.ttf"],"assets/fonts/Manrope-Bold.ttf":["assets/fonts/Manrope-Bold.ttf"],"assets/fonts/Manrope-Medium.ttf":["assets/fonts/Manrope-Medium.ttf"],"assets/fonts/Manrope-Regular.ttf":["assets/fonts/Manrope-Regular.ttf"],"assets/fonts/Manrope-SemiBold.ttf":["assets/fonts/Manrope-SemiBold.ttf"],"assets/icons/AiIcon.svg":["assets/icons/AiIcon.svg"],"assets/icons/Frame.png":["assets/icons/Frame.png"],"assets/icons/India.svg":["assets/icons/India.svg"],"assets/icons/PoweredByEventhex.svg":["assets/icons/PoweredByEventhex.svg"],"assets/icons/Verify.svg":["assets/icons/Verify.svg"],"assets/icons/appLogo.svg":["assets/icons/appLogo.svg"],"assets/icons/arrow-down-s-line.svg":["assets/icons/arrow-down-s-line.svg"],"assets/icons/arrow-left-s-line.svg":["assets/icons/arrow-left-s-line.svg"],"assets/icons/bard-fill.svg":["assets/icons/bard-fill.svg"],"assets/icons/bottom_nav_icons/highlights.svg":["assets/icons/bottom_nav_icons/highlights.svg"],"assets/icons/bottom_nav_icons/home.svg":["assets/icons/bottom_nav_icons/home.svg"],"assets/icons/bottom_nav_icons/navNotification.svg":["assets/icons/bottom_nav_icons/navNotification.svg"],"assets/icons/bottom_nav_icons/notification.svg":["assets/icons/bottom_nav_icons/notification.svg"],"assets/icons/bottom_nav_icons/post.svg":["assets/icons/bottom_nav_icons/post.svg"],"assets/icons/bottom_nav_icons/selectedHighlights.svg":["assets/icons/bottom_nav_icons/selectedHighlights.svg"],"assets/icons/bottom_nav_icons/selectedHome.svg":["assets/icons/bottom_nav_icons/selectedHome.svg"],"assets/icons/bottom_nav_icons/selectedNotification.svg":["assets/icons/bottom_nav_icons/selectedNotification.svg"],"assets/icons/bottom_nav_icons/selectedPost.svg":["assets/icons/bottom_nav_icons/selectedPost.svg"],"assets/icons/celebrate_icon.svg":["assets/icons/celebrate_icon.svg"],"assets/icons/companyIcon.svg":["assets/icons/companyIcon.svg"],"assets/icons/conclaveLogo.svg":["assets/icons/conclaveLogo.svg"],"assets/icons/copy_icon.svg":["assets/icons/copy_icon.svg"],"assets/icons/designationIcon.svg":["assets/icons/designationIcon.svg"],"assets/icons/dotList.svg":["assets/icons/dotList.svg"],"assets/icons/download-cloud-2-line.svg":["assets/icons/download-cloud-2-line.svg"],"assets/icons/downloadButton.svg":["assets/icons/downloadButton.svg"],"assets/icons/error-warning-fill.svg":["assets/icons/error-warning-fill.svg"],"assets/icons/female.svg":["assets/icons/female.svg"],"assets/icons/gallery_icon.svg":["assets/icons/gallery_icon.svg"],"assets/icons/genderIcon.svg":["assets/icons/genderIcon.svg"],"assets/icons/globe.svg":["assets/icons/globe.svg"],"assets/icons/heart_icon.svg":["assets/icons/heart_icon.svg"],"assets/icons/information-fill.svg":["assets/icons/information-fill.svg"],"assets/icons/insightful_icon.svg":["assets/icons/insightful_icon.svg"],"assets/icons/insta-snap-logo.svg":["assets/icons/insta-snap-logo.svg"],"assets/icons/likeButton.svg":["assets/icons/likeButton.svg"],"assets/icons/like_icon.svg":["assets/icons/like_icon.svg"],"assets/icons/linkedin-box-fill.svg":["assets/icons/linkedin-box-fill.svg"],"assets/icons/logo.svg":["assets/icons/logo.svg"],"assets/icons/logo_1.svg":["assets/icons/logo_1.svg"],"assets/icons/mail.svg":["assets/icons/mail.svg"],"assets/icons/male.svg":["assets/icons/male.svg"],"assets/icons/no_data_image.svg":["assets/icons/no_data_image.svg"],"assets/icons/no_notification.svg":["assets/icons/no_notification.svg"],"assets/icons/otpIcon.svg":["assets/icons/otpIcon.svg"],"assets/icons/phoneIcon.svg":["assets/icons/phoneIcon.svg"],"assets/icons/poweredByWhite.svg":["assets/icons/poweredByWhite.svg"],"assets/icons/refresh_line.svg":["assets/icons/refresh_line.svg"],"assets/icons/selfie_frame.svg":["assets/icons/selfie_frame.svg"],"assets/icons/share-line.svg":["assets/icons/share-line.svg"],"assets/icons/shareButton.svg":["assets/icons/shareButton.svg"],"assets/icons/smile_emoji.svg":["assets/icons/smile_emoji.svg"],"assets/icons/spark_icon.svg":["assets/icons/spark_icon.svg"],"assets/icons/support_icon.svg":["assets/icons/support_icon.svg"],"assets/icons/userIcon.svg":["assets/icons/userIcon.svg"],"assets/icons/viewedIcon.svg":["assets/icons/viewedIcon.svg"],"assets/images/avatar.png":["assets/images/avatar.png"],"assets/images/face_id.png":["assets/images/face_id.png"],"assets/images/female.png":["assets/images/female.png"],"assets/images/logo_banner.svg":["assets/images/logo_banner.svg"],"assets/images/male.png":["assets/images/male.png"],"assets/images/noPhoto.png":["assets/images/noPhoto.png"],"assets/images/no_image.svg":["assets/images/no_image.svg"],"assets/images/postedImage.png":["assets/images/postedImage.png"],"assets/images/selfie_model.svg":["assets/images/selfie_model.svg"],"assets/images/waterMark.svg":["assets/images/waterMark.svg"],"packages/cupertino_icons/assets/CupertinoIcons.ttf":["packages/cupertino_icons/assets/CupertinoIcons.ttf"],"packages/iconsax_flutter/fonts/FlutterIconsax.ttf":["packages/iconsax_flutter/fonts/FlutterIconsax.ttf"]}