[{"family":"MaterialIcons","fonts":[{"asset":"fonts/MaterialIcons-Regular.otf"}]},{"family":"Manrope","fonts":[{"weight":700,"asset":"assets/fonts/Manrope-SemiBold.ttf"},{"weight":500,"asset":"assets/fonts/Manrope-Medium.ttf"},{"weight":400,"asset":"assets/fonts/Manrope-Regular.ttf"}]},{"family":"Caveat","fonts":[{"weight":700,"asset":"assets/fonts/Caveat-VariableFont_wght.ttf"}]},{"family":"packages/cupertino_icons/CupertinoIcons","fonts":[{"asset":"packages/cupertino_icons/assets/CupertinoIcons.ttf"}]},{"family":"packages/iconsax_flutter/FlutterIconsax","fonts":[{"asset":"packages/iconsax_flutter/fonts/FlutterIconsax.ttf"}]}]